config,initialization,diversity_weight,imbalance_lambda,weakness_lambda,final_mean_fitness,final_max_fitness,final_std_fitness,final_mean_entropy,final_rare_archetype_percent,best_team_fitness,convergence_generation,elapsed_time_seconds
ConfigA_Baseline,uniform,0.0,0.0,0.0,0.7160447725625089,0.7239386633195667,0.02125866344464839,1.7811629587251605,100.0,0.7239386633195667,132,218.65507197380066
ConfigB_InverseWeighted,inverse,0.0,0.0,0.1,0.6409692669555024,0.6487601334413411,0.022663995976145185,2.2449625007211558,98.66666666666667,0.6487601334413411,250,303.78438329696655
ConfigC_Full,sqrt_weighted,0.15,0.2,0.1,0.7213644604653462,0.7323711133754189,0.031560516814787214,2.5494069451656007,100.0,0.7323711133754189,250,198.45487356185913
