Config 1,Config 2,Mean Diff,t-statistic,p-value,Cohen's d,Significant (α=0.05)
A Baseline,B InverseWeighted,0.0776013820427488,158.1692516570133,1.8240744641029583e-52,51.31688156597983,Yes
A Baseline,C Full,-0.0027199509060004123,-4.136078503875297,0.000285786271521861,-1.3419210656140976,Yes
B InverseWeighted,C Full,-0.08032133294874921,-114.40833820299005,1.7496438570237617e-44,-37.11896642499591,Yes
